"Company","Title","Location","Link"
"Seen by Indeed","Python Developer","Seattle, WA","https://www.indeed.com/viewjob?jk=1b87da27e151208e"
"National Testing Network","Web Developer","Lynnwood, WA","https://www.indeed.com/viewjob?jk=9b1de37d73188972"
"Smoothstack","Entry Level - Software Developer","United States","https://www.indeed.com/viewjob?jk=29b56b2ad42143b4"
"Amazon","Software Development Manager -- Amazon Economics","Seattle, WA","https://www.indeed.com/viewjob?jk=aca36deb92de7ce0"
"Optimal","Software Engineer","Kirkland, WA","https://www.indeed.com/viewjob?jk=12c48cd444fd3d2b"
"Atlas, Inc.","Python Developer","Seattle, WA","https://www.indeed.com/viewjob?jk=86ebd856cac54abf"
"ENSIS TECHNOLOGIES INC","Python Developer","Bellevue, WA","https://www.indeed.com/viewjob?jk=ed9621fd7726fcad"
"Pythonwise","PYTHON DEVELOPER","Seattle, WA","https://www.indeed.com/viewjob?jk=1a20a1c56fb7df73"
"Apt USA INC","Backend Developer","Bellevue, WA","https://www.indeed.com/viewjob?jk=950b330141ffa2cc"
"SoftSages Technology Inc","Software Developer - entry level","Seattle, WA","https://www.indeed.com/viewjob?jk=d628bb5b327ee612"
"Highbrow Technologies","Python Developer","Bellevue, WA","https://www.indeed.com/viewjob?jk=70912d7ae92ee088"
"SAIS SERVICE","Python Developer - Except H1","Seattle, WA","https://www.indeed.com/viewjob?jk=b7d3ecda6af61284"
"Tyemill","Software Developer - Mobile Application","Seattle, WA","https://www.indeed.com/viewjob?jk=513f29f8bd5cc68a"
"Atlas, Inc.","Java Application Developer","Seattle, WA","https://www.indeed.com/viewjob?jk=c6c7b9324f42185f"
"D-Wave Systems Inc.","Algorithm Developer","Bellevue, WA","https://www.indeed.com/viewjob?jk=0b4841cade6318de"
"Agilysys, Inc.","Junior Software Engineer","Bellevue, WA","https://www.indeed.com/viewjob?jk=c3b8fe962f9f92f7"
"ThirstySprout","Blockchain Developer","Seattle, WA","https://www.indeed.com/viewjob?jk=28d82bae087b6bd4"
"Accelalpha","React Developer","Seattle, WA","https://www.indeed.com/viewjob?jk=85221ee565ae8cb1"
"Sage Bionetworks","Client Development Engineer, Python Focus","Seattle, WA","https://www.indeed.com/viewjob?jk=320db939a580122d"
"Cloudentity","DevOps Engineer - Remote From Seattle or Portland Area","Seattle, WA","https://www.indeed.com/viewjob?jk=fb8508cea3da2c3b"
"MoxiWorks","Software Engineer","Seattle, WA","https://www.indeed.com/viewjob?jk=eea10075e010d652"
"RareCyte Inc","Front End Developer","Seattle, WA","https://www.indeed.com/viewjob?jk=20e0d05c8c771929"
"eTek IT Service","Backend Developer","Bellevue, WA","https://www.indeed.com/viewjob?jk=c2905c8fcac6c7f1"
"Vegazva engineering","Full Time Software Engineer","Redmond, WA","https://www.indeed.com/viewjob?jk=6caf0f3ddaad7d04"
"LabKey","Scientific Technical Account Manager","Seattle, WA","https://www.indeed.com/viewjob?jk=4dd31ea96cc30b7f"
"The Talent state","Software Development Engineer in Test - Windows","Seattle, WA","https://www.indeed.com/viewjob?jk=0330276cdcb5cbae"
