"Company","Title","Location","Link"
"Seen by Indeed","Python Developer","Seattle, WA","https://www.indeed.com/viewjob?jk=1b87da27e151208e"
"Viteos Fund Services","Python Developer","United States","https://www.indeed.com/viewjob?jk=28f7ec5276be7049"
"Optimal","Software Engineer","Kirkland, WA","https://www.indeed.com/viewjob?jk=12c48cd444fd3d2b"
"BillGO","Software Engineer - Scalability","Redmond, WA","https://www.indeed.com/viewjob?jk=a1bd6b5737c3a397"
"Atlas, Inc.","Python Developer","Seattle, WA","https://www.indeed.com/viewjob?jk=86ebd856cac54abf"
"ENSIS TECHNOLOGIES INC","Python Developer","Bellevue, WA","https://www.indeed.com/viewjob?jk=ed9621fd7726fcad"
"SoftSages Technology Inc","Software Developer - entry level","Seattle, WA","https://www.indeed.com/viewjob?jk=d628bb5b327ee612"
"Pythonwise","PYTHON DEVELOPER","Seattle, WA","https://www.indeed.com/viewjob?jk=1a20a1c56fb7df73"
"Highbrow Technologies","Python Developer","Bellevue, WA","https://www.indeed.com/viewjob?jk=70912d7ae92ee088"
"Tyemill","Software Developer - Mobile Application","Seattle, WA","https://www.indeed.com/viewjob?jk=513f29f8bd5cc68a"
"National Testing Network","Web Developer","Lynnwood, WA","https://www.indeed.com/viewjob?jk=9b1de37d73188972"
"SAIS SERVICE","Python Developer - Except H1","Seattle, WA","https://www.indeed.com/viewjob?jk=b7d3ecda6af61284"
"Accelalpha","React Developer","Seattle, WA","https://www.indeed.com/viewjob?jk=85221ee565ae8cb1"
"MoxiWorks","Software Engineer","Seattle, WA","https://www.indeed.com/viewjob?jk=eea10075e010d652"
"RareCyte Inc","Front End Developer","Seattle, WA","https://www.indeed.com/viewjob?jk=20e0d05c8c771929"
"Atlas, Inc.","Java Application Developer","Seattle, WA","https://www.indeed.com/viewjob?jk=c6c7b9324f42185f"
"RareCyte Inc","Full Stack Developer","Seattle, WA","https://www.indeed.com/viewjob?jk=95bbd8f4cbe9553f"
"D-Wave Systems Inc.","Algorithm Developer","Bellevue, WA","https://www.indeed.com/viewjob?jk=0b4841cade6318de"
"Highbrow Tech LLC","Mulesoft Developer, Remote","Bellevue, WA","https://www.indeed.com/viewjob?jk=811b96f2fd61411a"
"eTek IT Service","Backend Developer","Bellevue, WA","https://www.indeed.com/viewjob?jk=c2905c8fcac6c7f1"
"Brightloom","Front-End Engineer","Seattle, WA","https://www.indeed.com/viewjob?jk=c0edf45a76eaebf0"
"Docugami","Software Engineering Intern","Kirkland, WA","https://www.indeed.com/viewjob?jk=c43a1ea1c27252ba"
"Agilysys, Inc.","Junior Software Engineer","Bellevue, WA","https://www.indeed.com/viewjob?jk=c3b8fe962f9f92f7"
"Infotech Cogent","Full Stack Develope","Bellevue, WA","https://www.indeed.com/viewjob?jk=1532ebec67f89fda"
"Amazon","Software Development Manager -- Amazon Economics","Seattle, WA","https://www.indeed.com/viewjob?jk=aca36deb92de7ce0"
"Tethers Unlimited, Inc.","Full Stack Django Developer/DevOps (Space/Electronics/Robotics)","Bothell, WA","https://www.indeed.com/viewjob?jk=fbbbcc389d25189f"
"LabKey","Scientific Technical Account Manager","Seattle, WA","https://www.indeed.com/viewjob?jk=4dd31ea96cc30b7f"
"Seen by Indeed","Python Developer","Seattle, WA","https://www.indeed.com/viewjob?jk=1b87da27e151208e"
"Full Beaker","Sr. JavaScript/Front-End Developer","Bellevue, WA","https://www.indeed.com/viewjob?jk=e4e755bdab7b332e"
"Techbits, NR Consulting","Tableau Developer - Bellevue, WA (Only Local)","Bellevue, WA","https://www.indeed.com/viewjob?jk=7321fb2b6b5b0dfd"
"Seven Hills Technologies Inc","Bigdata/Hadoop Developer with Azure","Seattle, WA","https://www.indeed.com/viewjob?jk=95a102adbd45004e"
"Agilysys, Inc.","Software Development Internships (Summer 2020)","Bellevue, WA","https://www.indeed.com/viewjob?jk=fad75f72b6dfd44f"
"Q Analysts LLC","Senior SDET","Redmond, WA","https://www.indeed.com/viewjob?jk=ed04cf1889e130a7"
"MoxiWorks","Software Engineer","Seattle, WA","https://www.indeed.com/viewjob?jk=eea10075e010d652"
"DefinedCrowd","Solutions Developer (Seattle, US)","Seattle, WA","https://www.indeed.com/viewjob?jk=d5b227578a079ff6"
"3MD Inc.","Software Developer Engineer In Test","Redmond, WA","https://www.indeed.com/viewjob?jk=3e52fa794263c711"
"Clandica Inc","Perl Software Developer","Seattle, WA","https://www.indeed.com/viewjob?jk=89a8fc2ebab02f70"
"Procults","Senior Software Developer","Issaquah, WA","https://www.indeed.com/viewjob?jk=fd08aa35931b3101"
"Subsplash","Sr. Site Reliability Engineer (Remote)","Seattle, WA","https://www.indeed.com/viewjob?jk=025dad236e265ace"
"2rbConsulting","Sr. Application Developer","Seattle, WA","https://www.indeed.com/viewjob?jk=82a2bd716fa9b8a2"
"SimSpace","DevOps Engineer","Seattle, WA","https://www.indeed.com/viewjob?jk=2d4131df11611eb7"
"ANDURIL INDUSTRIES","Software Engineer","Seattle, WA","https://www.indeed.com/viewjob?jk=e4008445e64298e3"
"Optimal","Software Engineer","Kirkland, WA","https://www.indeed.com/viewjob?jk=12c48cd444fd3d2b"
"BillGO","Software Engineer - Scalability","Redmond, WA","https://www.indeed.com/viewjob?jk=a1bd6b5737c3a397"
